hino,url
Hino 001 - Doxologia,http://www.semeandovida.org/2013/10/hino-1-doxologia.html
Hino 002 - Reverência,http://www.semeandovida.org/2014/02/hino-2-reverencia.html
Hino 003 - A Igreja em Adoração,http://www.semeandovida.org/2014/02/hino-3-igreja-em-adoracao.html
Hino 004 - Culto à Trindade,http://www.semeandovida.org/2011/08/hino-4-culto-trindade_26.html
Hino 005 - Trindade adorada,http://www.semeandovida.org/2011/08/hino-5-trindade-adorada_27.html
Hino 006 - Doxologia,http://www.semeandovida.org/2011/08/hino-6-doxologia_28.html
Hino 007 - Glória à Trindade,http://www.semeandovida.org/2011/08/hino-7-gloria-trindade_29.html
Hino 008 - Adoração à Trindade,http://www.semeandovida.org/2014/04/hino-8-adoracao-trindade.html
Hino 009 - Aleluia ao Deus Trino,http://www.semeandovida.org/2014/02/hino-9-aleluia-ao-deus-trino.html
Hino 010 - A criação e o seu Criador,http://www.semeandovida.org/2011/08/hino-10-criacao-e-seu-criador_30.html
Hino 011 - A Trindade Santíssima,http://www.semeandovida.org/2011/08/hino-11-trindade-santissima_31.html
Hino 012 - Glória a Deus,http://www.semeandovida.org/2011/09/hino-12-gloria-deus_01.html
Hino 013 - Contemplação,https://www.semeandovida.org/2022/07/hino-013-contemplacao.html
Hino 014 - Louvor,http://www.semeandovida.org/2011/09/hino-14-louvor_02.html
Hino 015 - Doxologia,http://www.semeandovida.org/2011/09/hino-15-doxologia_03.html
Hino 016 - Louvor a Deus,http://www.semeandovida.org/2014/02/hino-16-louvor-deus.html
Hino 017 - Deus seja Louvado,http://www.semeandovida.org/2014/02/hino-17-seja-louvado.html
Hino 018 - Deus dos Antigos,http://www.semeandovida.org/2013/12/hino-18-deus-dos-antigos.html
Hino 019 - Rei sublime,http://www.semeandovida.org/2011/09/hino-19-rei-sublime_04.html
Hino 020 - Glorificação à Trindade,http://www.semeandovida.org/2014/02/hino-20-glorificacao-trindade.html
Hino 021 - Deus de Abraão,http://www.semeandovida.org/2014/03/hino-21-deus-de-abraao.html
Hino 022 - Os céus proclamam,http://www.semeandovida.org/2014/02/hino-22-os-ceus-proclamam.html
Hino 023 - Adoração ao Criador,http://www.semeandovida.org/2014/02/hino-023-adoracao-ao-criador.html
Hino 024 - Convite ao louvor,http://www.semeandovida.org/2011/09/hino-24-convite-ao-louvor_05.html
Hino 025 - O Criador de tudo,http://www.semeandovida.org/2011/09/hino-25-o-criador-de-tudo_06.html
Hino 026 - Ao Deus grandioso,http://www.semeandovida.org/2011/09/hino-26-ao-deus-grandioso_07.html
Hino 027 - Um Hino ao Senhor,https://www.semeandovida.org/2022/01/hino-027-um-hino-ao-senhor.html
Hino 028 - Coroação,https://www.semeandovida.org/2022/07/hino-028-coroacao.html
Hino 029 - Louvor,https://www.semeandovida.org/2022/07/hino-029-louvor.html
Hino 030 - Providência de Deus (na criação),http://www.semeandovida.org/2011/09/hino-30-providencia-de-deus-na-criacao_07.html
Hino 031 - Providência de Deus (na redenção),https://www.semeandovida.org/2022/07/hino-031-providencia-de-deus-na-redencao.html
Hino 032 - O Deus fiel,http://www.semeandovida.org/2011/09/hino-32-o-deus-fiel_07.html
Hino 033 - Maravilhas Divinas,https://www.semeandovida.org/2022/07/hino-033-maravilhas-divinas.html
Hino 034 - Convite ao louvor,http://www.semeandovida.org/2011/09/hino-34-convite-ao-louvor_08.html
Hino 035 - Adoração e súplica,http://www.semeandovida.org/2011/09/hino-35-adoracao-e-suplica_08.html
Hino 036 - Exaltação,http://www.semeandovida.org/2011/09/hino-36-exaltacao_09.html
Hino 037 - O Santo Nome,http://www.semeandovida.org/2014/03/hino-037-o-santo-nome.html
Hino 038 - Louvores sem fim,http://www.semeandovida.org/2011/09/hino-38-louvores-sem-fim_09.html
Hino 039 - Exaltação e louvor,http://www.semeandovida.org/2011/09/hino-39-exaltacao-e-louvor_10.html
Hino 040 - Cântico ao Salvador,http://www.semeandovida.org/2014/03/hino-040-cantico-ao-salvador.html
Hino 041 - Louvor pela Graça Divina,http://www.semeandovida.org/2014/03/hino-041-louvor-pela-graca-divina.html
Hino 042 - O Grande Amor de Deus,http://www.semeandovida.org/2014/03/hino-042-o-grande-amor-de-deus.html
Hino 043 - O Deus de Amor,http://www.semeandovida.org/2014/03/hino-043-o-deus-de-amor.html
Hino 044 - Louves ao Senhor,http://www.semeandovida.org/2014/03/hino-044-louvores-deus.html
Hino 045 - Grande Redenção,https://www.semeandovida.org/2022/07/hino-045-grande-redencao.html
Hino 046 - Altos Louvores,https://www.semeandovida.org/2022/07/hino-046-altos-louvores.html
Hino 047 - Louvor e Glória,https://www.semeandovida.org/2022/07/hino-047-louvor-e-gloria.html
Hino 048 - Amor e Gratidão,https://www.semeandovida.org/2022/07/hino-048-amor-e-gratidao.html
Hino 049 - Sempre Vencendo,http://www.semeandovida.org/2014/03/hino-49-sempre-vencendo.html
Hino 050 - Sangue Precioso,http://www.semeandovida.org/2014/03/hino-050-sangue-precioso.html
Hino 051 - Cristo adorado,http://www.semeandovida.org/2014/03/hino-051-cristo-adorado.html
Hino 052 - Glória e coroação,http://www.semeandovida.org/2011/09/hino-52-gloria-e-coroacao_10.html
"Hino 053 - Honra, poder, majestade",http://www.semeandovida.org/2014/03/hino-053-honra-poder-majestade.html
Hino 054 - A chegada do Messias,http://www.semeandovida.org/2014/03/hino-054-chegada-do-messias.html
Hino 056 - Ações de Graças e Súplica,https://www.semeandovida.org/2022/07/hino-056-acoes-de-gracas-e-suplica.html
Hino 057 - Fonte de todo o Bem,https://www.semeandovida.org/2022/07/hino-057-fonte-de-todo-o-bem.html
Hino 058 - Ofertas,https://www.semeandovida.org/2022/07/hino-058-ofertas.html
Hino 059 - Gratidão,http://www.semeandovida.org/2011/09/hino-59-gratidao_11.html
Hino 060 - Ofertório,http://www.semeandovida.org/2011/09/hino-60-ofertorio_11.html
Hino 061 - Ações de Graça,https://www.semeandovida.org/2022/07/hino-061-acoes-de-graca.html
Hino 062 - Hino de Gratidão,https://www.semeandovida.org/2022/07/hino-062-hino-de-gratidao.html
Hino 063 - As muitas bênçãos,https://www.semeandovida.org/2022/07/hino-063-as-muitas-bencaos.html
Hino 064 - Grata Memória,https://www.semeandovida.org/2022/07/hino-064-grata-memoria.html
Hino 065 - Louvor,https://www.semeandovida.org/2022/07/hino-065-louvor.html
Hino 066 - Coração Quebrantado,https://www.semeandovida.org/2022/07/hino-066-coracao-quebrantado.html
Hino 067 - Coração Quebrantado (2),https://www.semeandovida.org/2022/07/hino-067-coracao-quebrantado-2.html
Hino 068 - Necessidade,https://www.semeandovida.org/2022/07/hino-068-necessidade.html
Hino 069 - Súplica,https://www.semeandovida.org/2022/07/hino-069-suplica.html
Hino 070 - Descanso em Jesus,https://www.semeandovida.org/2022/07/hino-070-descanso-em-jesus_12.html
Hino 071 - Perdão,http://www.semeandovida.org/2011/09/hino-71-perdao_12.html
Hino 072 - Purificação,https://www.semeandovida.org/2022/07/hino-072-purificacao_12.html
Hino 073 - Compaixão,https://www.semeandovida.org/2022/07/hino-073-compaixao_12.html
Hino 074 - Sinceridade,https://www.semeandovida.org/2022/07/hino-074-sinceridade.html
Hino 075 - Arrependimento e súplica,http://www.semeandovida.org/2011/09/hino-75-arrependimento-e-suplica_12.html
Hino 076 - Compaixão,https://www.semeandovida.org/2022/07/hino-076-compaixao.html
Hino 077 - Divino Perdão,https://www.semeandovida.org/2022/07/hino-077-divino-perdao.html
Hino 078 - Perfeita Expiação,https://www.semeandovida.org/2022/07/hino-078-perfeita-expiacao.html
Hino 079 - Glória ao Salvador,https://www.semeandovida.org/2022/07/hino-079-gloria-ao-salvador.html
Hino 080 - O amor de Jesus,https://www.semeandovida.org/2022/07/hino-080-o-amor-de-jesus.html
Hino 081 - Súplica ao Espírito Santo,https://www.semeandovida.org/2022/07/hino-081-suplica-ao-espirito-santo.html
Hino 082 - Divino preceptor,http://www.semeandovida.org/2011/09/hino-82-divino-preceptor_13.html
Hino 083 - Divino instruidor,https://www.semeandovida.org/2022/07/hino-083-divino-instruidor.html
Hino 084 - Santo Espírito,https://www.semeandovida.org/2022/07/hino-084-santo-espirito.html
Hino 085 - Espírito Consolador,https://www.semeandovida.org/2022/07/hino-085-espirito-consolador.html
Hino 086 - Espírito do Eterno Deus,https://www.semeandovida.org/2022/07/hino-086-espirito-do-eterno-deus.html
Hino 087 - Alegria Perene,https://www.semeandovida.org/2022/07/hino-087-alegria-perene.html
Hino 088 - Amor perene,http://www.semeandovida.org/2011/09/hino-88-amor-perene_13.html
Hino 089 - Amor sacrificial,http://www.semeandovida.org/2011/09/hino-89-amor-sacrificial_14.html
Hino 090 - Amor insondável,https://www.semeandovida.org/2022/07/hino-090-amor-insondavel.html
Hino 091 - A fé dos antigos,https://www.semeandovida.org/2022/07/hino-091-fe-dos-antigos.html
Hino 092 - A fé contemplada,http://www.semeandovida.org/2011/09/hino-92-fe-contemplada_15.html
Hino 093 - Firmeza na fé,https://www.semeandovida.org/2022/07/hino-093-firmeza-na-fe.html
Hino 094 - A porta da salvação,https://www.semeandovida.org/2022/07/hino-094-porta-da-salvacao.html
Hino 095 - Somente Cristo,https://www.semeandovida.org/2022/07/hino-095-somente-cristo.html
Hino 096 - Redenção Suprema,https://www.semeandovida.org/2022/07/hino-096-redencao-suprema.html
Hino 097 - Súplica do redimido,http://www.semeandovida.org/2011/09/hino-97-suplica-do-redimido_15.html
Hino 098 - Não há condenação,http://www.semeandovida.org/2011/09/hino-98-nao-ha-condenacao_15.html
Hino 099 - Louvor ao Redentor,https://www.semeandovida.org/2022/07/hino-099-louvor-ao-redentor.html
Hino 100 - Louvores a Cristo,https://www.semeandovida.org/2022/07/hino-100-louvores-cristo.html
Hino 101 - A voz da Salvação,https://www.semeandovida.org/2022/07/hino-101-voz-da-salvacao.html
Hino 102 - O céu com Cristo,http://www.semeandovida.org/2011/09/hino-102-o-ceu-com-cristo_15.html
Hino 103 - Salvação em Cristo,http://www.semeandovida.org/2011/09/hino-103-salvacao-em-cristo_16.html
Hino 104 - Linda Melodia,https://www.semeandovida.org/2022/07/hino-104-linda-melodia.html
Hino 105 - A certeza do crente,http://www.semeandovida.org/2011/09/105-certeza-do-crente_16.html
Hino 106 - Fonte Carmesim,https://www.semeandovida.org/2022/07/hino-106-fonte-carmesim.html
Hino 107 - Ao pé da Cruz,https://www.semeandovida.org/2022/07/hino-107-ao-pe-da-cruz.html
Hino 108 - Aflição e paz (Sou feliz com Jesus),http://www.semeandovida.org/2011/09/108-aflicao-e-paz_17.html
Hino 109 - O bom pastor,http://www.semeandovida.org/2011/09/hino-109-o-bom-pastor_17.html
Hino 110 - A vida com Jesus,http://www.semeandovida.org/2011/09/hino-110-vida-com-jesus_18.html
Hino 110A - Crer e observar,https://www.semeandovida.org/2022/07/hino-110a-crer-e-observar.html
Hino 111 - Comunhão Divina,https://www.semeandovida.org/2022/07/hino-111-comunhao-divina.html
Hino 112 - Rica Promessa,https://www.semeandovida.org/2022/07/hino-112-rica-promessa.html
Hino 113 - Achei um Bom Amigo,https://www.semeandovida.org/2022/07/hino-113-achei-um-bom-amigo.html
Hino 114 - Brilho celeste,http://www.semeandovida.org/2011/09/hino-114-brilho-celeste_19.html
Hino 115 - Unido com Cristo,https://www.semeandovida.org/2022/07/hino-115-unido-com-cristo.html
Hino 116 - União com Deus,https://www.semeandovida.org/2022/07/hino-116-uniao-com-deus.html
Hino 117 - Pastor Divino,http://www.semeandovida.org/2011/09/hino-117-pastor-divino_20.html
Hino 118 - Esperando em Deus,http://www.semeandovida.org/2011/09/hino-118-esperando-em-deus_22.html
Hino 119 - Súplica pelo culto,http://www.semeandovida.org/2011/09/hino-119-suplica-pelo-culto_23.html
Hino 120 - Dependência,https://www.semeandovida.org/2022/07/hino-120-dependencia.html
Hino 121 - Perfeição,https://www.semeandovida.org/2022/07/hino-121-perfeicao.html
Hino 122 - Necessidade,https://www.semeandovida.org/2022/07/hino-122-necessidade.html
Hino 123 - Grande amor,https://www.semeandovida.org/2022/07/hino-123-grande-amor.html
Hino 124 - Benigna Luz,https://www.semeandovida.org/2022/07/hino-124-benigna-luz.html
Hino 125 - Sempre Veraz,https://www.semeandovida.org/2022/07/hino-125-sempre-veraz.html
Hino 126 - Dependência,https://www.semeandovida.org/2022/07/hino-126-dependencia.html
Hino 127 - Hora Bendita,http://www.semeandovida.org/2011/09/hino-127-hora-bendita_21.html
Hino 128 - Comunhão preciosa,http://www.semeandovida.org/2011/10/hino-128-comunhao-preciosa_08.html
Hino 129 - Vigilância e oração,https://www.semeandovida.org/2022/07/hino-129-vigilancia-e-oracao.html
Hino 130 - Oração ao Senhor,https://www.semeandovida.org/2022/07/hino-130-oracao-ao-senhor.html
Hino 131 - Vida Santificada,https://www.semeandovida.org/2022/07/hino-131-vida-santificada.html
Hino 132 - Vivificação,http://www.semeandovida.org/2011/10/hino-132-vivificacao_09.html
Hino 133 - Aspiração à Santidade,https://www.semeandovida.org/2022/07/hino-133-aspiracao-santidade.html
Hino 134 - Riquezas do Céu,https://www.semeandovida.org/2022/07/hino-134-riquezas-do-ceu.html
Hino 135 - Mais de Cristo,https://www.semeandovida.org/2022/07/hino-135-mais-de-cristo.html
Hino 136 - Rocha Eterna,http://www.semeandovida.org/2011/10/hino-136-rocha-eterna_10.html
Hino 137 - Abrigo no temporal,http://www.semeandovida.org/2011/10/hino-137-abrigo-no-temporal_12.html
Hino 138 - Refúgio,http://www.semeandovida.org/2011/10/hino-138-refugio_22.html
Hino 139 - O socorro do crente,https://www.semeandovida.org/2022/07/hino-139-o-socorro-do-crente.html
Hino 140 - Jornada do Crente,https://www.semeandovida.org/2022/07/hino-140-jornada-do-crente.html
Hino 141 - Guia divino,https://www.semeandovida.org/2022/07/hino-141-guia-divino.html
Hino 142 - O Fiel Pastor,https://www.semeandovida.org/2022/07/hino-142-o-fiel-pastor.html
Hino 143 - Salmo 23,http://www.semeandovida.org/2011/10/hino-143-salmo-23_28.html
Hino 144 - Segurança e alegria,http://www.semeandovida.org/2011/10/hino-144-seguranca-e-alegria_24.html
Hino 145 -Refúgio Verdadeiro,https://www.semeandovida.org/2022/07/hino-145-refugio-verdadeiro.html
Hino 146 - A segurança do crente,http://www.semeandovida.org/2011/11/hino-146-seguranca-do-crente_22.html
Hino 147 - Vencendo vem Jesus,http://www.semeandovida.org/2011/11/hino-147-vencendo-vem-jesus_23.html
Hino 148 - Oração noturna,https://www.semeandovida.org/2022/07/hino-148-oracao-noturna.html
Hino 149 - Verdadeira redenção,https://www.semeandovida.org/2022/07/hino-149-verdadeira-redencao.html
Hino 150 - Salvação perfeita,http://www.semeandovida.org/2011/11/hino-150-salvacao-perfeita_24.html
Hino 151 - O Bom Pastor,https://www.semeandovida.org/2011/11/hino-151-o-bom-pastor_25.html
Hino 152 - Onisciência Divina,https://www.semeandovida.org/2011/11/hino-152-onisciencia-divina_26.html
Hino 153 - Amparo Divino,https://www.semeandovida.org/2022/07/hino-133-aspiracao-santidade_12.html
Hino 154 - Segurança e Paz,https://www.semeandovida.org/2022/07/hino-134-riquezas-do-ceu_12.html
Hino 155 - Castelo Forte,https://www.semeandovida.org/2011/11/hino-155-castelo-forte_27.html
Hino 156 - Confiança em Deus,https://www.semeandovida.org/2011/11/hino-156-confianca-em-deus_28.html
Hino 157 - Segurança em Cristo,https://www.semeandovida.org/2022/07/hino-157-seguranca-em-cristo.html
Hino 158 - Conforto e Luz,https://www.semeandovida.org/2022/07/hino-158-conforto-e-luz.html
Hino 159 - Bondoso Amigo,https://www.semeandovida.org/2022/07/hino-159-bondoso-amigo.html
Hino 160 - Cristo é Tudo,https://www.semeandovida.org/2022/07/hino-160-cristo-e-tudo.html
Hino 161 - O Melhor Amigo,https://www.semeandovida.org/2011/11/hino-161-o-melhor-amigo_29.html
Hino 162 - A Voz de Deus,https://www.semeandovida.org/2022/07/hino-162-voz-de-deus.html
Hino 163 - Direção Divina,https://www.semeandovida.org/2022/07/hino-163-direcao-divina.html
Hino 164 - Nome Precioso,https://www.semeandovida.org/2022/07/hino-164-nome-precioso.html
Hino 165 - Cuidado Divino,https://www.semeandovida.org/2022/07/hino-165-cuidado-divino.html
Hino 166 - Luz da Vida,https://www.semeandovida.org/2022/07/hino-166-luz-da-vida.html
"Hino 167 - Cristo, Esperança Nossa",https://www.semeandovida.org/2022/07/hino-167-cristo-esperanca-nossa.html
Hino 168 - Jesus Amado,https://www.semeandovida.org/2011/11/hino-168-jesus-amado_29.html
Hino 169 - Grata Confiança,https://www.semeandovida.org/2022/07/hino-169-grata-confianca.html
Hino 170 - Redentor Onipotente,https://www.semeandovida.org/2011/11/hino-170-redentor-onipotente_29.html
Hino 171 - Deus Proverá,https://www.semeandovida.org/2022/07/hino-171-deus-provera.html
Hino 172 - Chuvas de Bênçãos,https://www.semeandovida.org/2022/07/hino-172-chuvas-de-bencaos.html
Hino 173 - Oração Vespertina (música 1),https://www.semeandovida.org/2011/11/hino-173-oracao-vespertina_30.html
Hino 173 - Oração Vespertina (música 2),https://www.semeandovida.org/2011/11/hino-173-oracao-vespertina-b_30.html
Hino 174 - Poderoso Salvador,https://www.semeandovida.org/2011/11/hino-174-poderoso-salvador_30.html
Hino 175 - O servo do Senhor,https://www.semeandovida.org/2012/02/hino-175-o-servo-do-senhor_15.html
Hino 176 - Fidelidade do cristão,http://www.semeandovida.org/2012/02/hino-176-fidelidade-do-cristao_15.html
Hino 177 - Firme nas promessas,http://www.semeandovida.org/2012/02/hino-177-firme-nas-promessas_16.html
Hino 178 - Excelência do amor,http://www.semeandovida.org/2012/02/hino-178-excelencia-do-amor_16.html
Hino 179 - Saudação,http://www.semeandovida.org/2012/02/hino-179-saudacao_17.html
Hino 180 - Amor fraternal,http://www.semeandovida.org/2012/02/hino-180-amor-fraternal_17.html
Hino 181 - Irmãos em Jesus,http://www.semeandovida.org/2012/02/hino-181-irmaos-em-jesus_18.html
Hino 182 - União fraterna,https://www.semeandovida.org/2022/07/hino-182-uniao-fraterna.html
Hino 183 - Benditos laços,http://www.semeandovida.org/2012/02/hino-183-benditos-lacos_18.html
Hino 184 - Face a face,https://www.semeandovida.org/2022/07/hino-184-face-face.html
Hino 185 - Glória vindoura,https://www.semeandovida.org/2022/07/hino-185-gloria-vindoura.html
Hino 186 - Lar do céu,http://www.semeandovida.org/2012/02/hino-186-o-lar-do-ceu_19.html
Hino 187 - Cidade Celestial,https://www.semeandovida.org/2022/07/hino-187-cidade-celestial.html
Hino 188 - Clara luz,http://www.semeandovida.org/2012/02/hino-188-clara-luz-primeira-musica_19.html
Hino 189 - Jerusalém Celeste,https://www.semeandovida.org/2022/07/hino-189-jerusalem-celeste.html
Hino 190 - Maior que a dor,https://www.semeandovida.org/2022/07/hino-190-maior-que-dor.html
Hino 192 - No céu com Jesus,http://www.semeandovida.org/2012/02/hino-192-no-ceu-com-jesus_20.html
Hino 193 - Vou à Pátria,http://www.semeandovida.org/2012/02/hino-193-vou-patria_20.html
Hino 194 - Morada feliz,https://www.semeandovida.org/2022/07/hino-194-morada-feliz.html
Hino 195 - Dormindo no Senhor,http://www.semeandovida.org/2012/02/hino-195-dormindo-no-senhor_21.html
"Hino 196 - Gozo, Esplendores, Venturas",https://www.semeandovida.org/2022/07/hino-196-gozo-esplendores-venturas.html
Hino 197 - O Salvador espera,https://www.semeandovida.org/2022/07/hino-197-o-salvador-espera.html
Hino 198 - Salvação graciosa,http://www.semeandovida.org/2012/02/hino-198-salvacao-graciosa_21.html
Hino 199 - Cristo salva,http://www.semeandovida.org/2012/02/hino-199-cristo-salva_22.html
Hino 200 - Palavra abençoada,https://www.semeandovida.org/2022/07/hino-200-palavra-abencoada.html
Hino 201 - Manso e suave,http://www.semeandovida.org/2012/02/hino-201-manso-e-suave_22.html
Hino 202 - Palavras Preciosas,https://www.semeandovida.org/2022/07/hino-202-palavras-preciosas.html
Hino 203 - Convite para a salvação,https://www.semeandovida.org/2022/07/hino-203-convite-para-salvacao.html
Hino 204 - Cristo à porta,http://www.semeandovida.org/2012/02/hino-204-cristo-porta_23.html
Hino 205 - O amor que chama,https://www.semeandovida.org/2022/07/hino-205-o-amor-que-chama.html
Hino 206 - Convite de Jesus,http://www.semeandovida.org/2012/02/hino-206-convite-de-jesus_23.html
Hino 207 - Convite ao pecador,http://www.semeandovida.org/2012/02/hino-207-convite-ao-pecador_24.html
Hino 208 - Aproximação,https://www.semeandovida.org/2022/07/hino-208-aproximacao.html
Hino 209 - Encorajamento,http://www.semeandovida.org/2012/02/hino-209-encorajamento_24.html
Hino 210 - O filho perdido,http://www.semeandovida.org/2012/04/hino-210-o-filho-perdido_07.html
Hino 211 - Quase induzido,https://www.semeandovida.org/2022/07/hino-211-quase-induzido.html
Hino 212 - Apelo,https://www.semeandovida.org/2022/07/hino-212-apelo.html
Hino 213 - A última hora,https://www.semeandovida.org/2022/07/hino-213-ultima-hora.html
Hino 214 - Convite e aceitação,http://www.semeandovida.org/2012/04/hino-214-convite-e-aceitacao_07.html
Hino 215 - Apelo,https://www.semeandovida.org/2022/07/hino-215-apelo.html
Hino 216 - Perdão,https://www.semeandovida.org/2022/07/hino-216-perdao.html
Hino 217 - Desprendimento,https://www.semeandovida.org/2022/07/hino-217-desprendimento.html
Hino 218 - Vontade soberana,http://www.semeandovida.org/2012/04/hino-218-vontade-soberana_07.html
Hino 219 - Dedicação,http://www.semeandovida.org/2012/04/hino-219-dedicacao_08.html
Hino 220 - Plena dedicação,http://www.semeandovida.org/2012/04/hino-220-plena-dedicacao_08.html
Hino 221 - Um vaso de bênção,https://www.semeandovida.org/2022/07/hino-221-um-vaso-de-bencao.html
Hino 222 - Mais perto da cruz,http://www.semeandovida.org/2012/04/hino-222-mais-perto-da-cruz_08.html
Hino 223 - Oração do arrependido,https://www.semeandovida.org/2022/07/hino-223-oracao-do-arrependido.html
Hino 224 - Consagração,https://www.semeandovida.org/2022/07/hino-224-consagracao.html
Hino 225 - Dedicação pessoal,https://www.semeandovida.org/2022/07/hino-225-dedicacao-pessoal.html
Hino 226 - A história de Cristo,http://www.semeandovida.org/2012/04/hino-226-historia-de-cristo_09.html
Hino 227 - A velha história,https://www.semeandovida.org/2022/07/hino-227-velha-historia.html
"Hino 228 - De Deus, o Unigido ",https://www.semeandovida.org/2022/07/hino-228-de-deus-o-unigido.html
Hino 230 - Adoração,http://www.semeandovida.org/2012/04/hino-230-adoracao_09.html
Hino 231 - O Primeiro Natal,http://www.semeandovida.org/2012/06/hino-231-o-primeiro-natal.html
Hino 232 - Pequena vila de Belém,https://www.semeandovida.org/2022/07/hino-232-pequena-vila-de-belem.html
Hino 233 - Os pastores no campo,https://www.semeandovida.org/2022/07/hino-233-os-pastores-no-campo.html
Hino 234 - Um pequeno a repousar,https://www.semeandovida.org/2022/07/hino-234-um-pequeno-repousar.html
Hino 235 - O Anjo da Paz,https://www.semeandovida.org/2022/07/hino-235-o-anjo-da-paz.html
Hino 236 - Em linda noite,https://www.semeandovida.org/2022/07/hino-236-em-linda-noite.html
Hino 237 - Jesus nasceu,https://www.semeandovida.org/2022/07/hino-237-jesus-nasceu.html
Hino 237A - Linda estrela,https://www.semeandovida.org/2022/07/hino-237a-linda-estrela.html
Hino 238 - Novas de amor,https://www.semeandovida.org/2022/07/hino-238-novas-de-amor.html
Hino 239 - Nasce Jesus,http://www.semeandovida.org/2012/06/hino-239-nasce-jesus.html
Hino 240 - Louvor Angelical,http://www.semeandovida.org/2012/06/hino-240-louvor-angelical.html
Hino 241 - O nascimento de Cristo,http://www.semeandovida.org/2012/06/hino-241-o-nascimento-de-cristo.html
Hino 242 - Os anjos e o Natal,http://www.semeandovida.org/2012/06/hino-242-os-anjos-e-o-natal.html
Hino 243 - Noite de Paz,https://www.semeandovida.org/2022/07/hino-243-noite-de-paz.html
Hino 244 - Mensagem aos pastores,https://www.semeandovida.org/2022/07/hino-244-mensagem-aos-pastores.html
Hino 245 - Homens sábios e de bem,http://www.semeandovida.org/2012/06/hino-245-homens-sabios-e-de-bem.html
"Hino 246 - Jesus, o Messias",https://www.semeandovida.org/2022/07/hino-246-jesus-o-messias.html
Hino 247 - Estrela cintilante,https://www.semeandovida.org/2022/07/hino-247-estrela-cintilante.html
Hino 248 - No humilde presépio,https://www.semeandovida.org/2022/07/hino-248-no-humilde-presepio.html
Hino 249 - Na manjedoura,https://www.semeandovida.org/2022/07/hino-249-na-manjedoura.html
Hino 250 - A voz de Jesus,https://www.semeandovida.org/2022/07/hino-250-voz-de-jesus.html
Hino 251 - O Pão da Vida,https://www.semeandovida.org/2022/07/hino-251-o-pao-da-vida.html
Hino 252 - Pão Celestial,https://www.semeandovida.org/2022/07/hino-252-pao-celestial.html
"Hino 253 - Cristo, a luz do mundo",http://www.semeandovida.org/2012/06/hino-253-cristo-luz-do-mundo.html
Hino 254 - Sossegai,https://www.semeandovida.org/2022/07/hino-254-sossegai.html
Hino 255 - A ovelha perdida,https://www.semeandovida.org/2022/07/hino-255-ovelha-perdida.html
Hino 256 - Glória singular,https://www.semeandovida.org/2022/07/hino-256-gloria-singular.html
Hino 257 - Hosana ao grande Rei,http://www.semeandovida.org/2012/06/hino-257-hosana-ao-grande-rei.html
Hino 258 - Majestade,https://www.semeandovida.org/2022/07/hino-258-majestade.html
Hino 259 - Hosana e Glória,https://www.semeandovida.org/2022/07/hino-259-hosana-e-gloria.html
Hino 260 - Amor que vence,http://www.semeandovida.org/2012/06/hino-260-amor-que-vence.html
Hino 261 - O Gólgota,http://www.semeandovida.org/2014/02/hino-261-o-golgota.html
Hino 262 - Contemplação da cruz,http://www.semeandovida.org/2012/07/hino-262-contemplacao-da-cruz.html
Hino 263 - Junto à Cruz de Cristo,http://www.semeandovida.org/2014/03/hino-263-junto-cruz-de-cristo.html
Hino 264 - Fronte Ensanguentada,http://www.semeandovida.org/2014/03/hino-264-fronte-ensanguentada.html
Hino 265 - Cristo Redentor,http://www.semeandovida.org/2014/03/hino-265-cristo-redentor.html
Hino 266 - Rude cruz,http://www.semeandovida.org/2012/07/hino-266-rude-cruz.html
Hino 267 - Precioso sangue,http://www.semeandovida.org/2012/07/hino-267-precioso-sangue.html
Hino 268 - Redenção,http://www.semeandovida.org/2014/03/hino-268-redencao.html
Hino 269 - Pureza no Sangue de Cristo,http://www.semeandovida.org/2014/03/hino-269-pureza-no-sangue-de-cristo.html
Hino 270 - Desafio,http://www.semeandovida.org/2014/03/hino-270-desafio.html
Hino 271 - Ressurreição,http://www.semeandovida.org/2014/03/hino-271-ressurreicao.html
Hino 272 - Aleluia ao Cristo Redivivo,http://www.semeandovida.org/2014/03/hino-272-aleluia-ao-cristo-redivivo.html
Hino 273 - Memórias da Ressurreição,http://www.semeandovida.org/2014/03/hino-273-memorias-da-ressurreicao.html
Hino 274 - Morto e ressurreto,http://www.semeandovida.org/2012/07/hino-274-morto-e-ressurreto.html
Hino 275 - Cristo Venceu,http://www.semeandovida.org/2014/03/hino-275-cristo-venceu.html
Hino 276 - Amorável convite,http://www.semeandovida.org/2014/03/hino-276-amoravel-convite.html
Hino 277 - Cristo vive! Ressurgiu!,http://www.semeandovida.org/2014/03/hino-277-cristo-vive-ressurgiu.html
Hino 278 - A vitória de Jesus,http://www.semeandovida.org/2014/03/hino-278-vitoria-de-jesus.html
Hino 279 - O dia triunfal raiou,http://www.semeandovida.org/2012/07/hino-279-o-dia-triunfal-raiou.html
Hino 280 - Ascensão,http://www.semeandovida.org/2012/07/hino-280-ascencao.html
Hino 281 - Jesus Triunfante,http://www.semeandovida.org/2014/03/hino-281-jesus-triunfante.html
Hino 281-A - Fronte ensanguentada,http://www.semeandovida.org/2014/03/hino-281-fronte-ensanguentada.html
Hino 282 - A Grande Comissão,https://www.semeandovida.org/2022/07/hino-282-grande-comissao.html
Hino 283 - Desafio,http://www.semeandovida.org/2012/07/hino-283-desafio.html
Hino 284 - Obediência,https://www.semeandovida.org/2022/07/hino-284-obediencia.html
Hino 285 - A salvação do Brasil,https://www.semeandovida.org/2022/07/hino-285-salvacao-do-brasil.html
Hino 286 - Colheita Bendita,https://www.semeandovida.org/2022/07/hino-286-colheita-bendita.html
"Hino 287 - Igreja, Alerta!",https://www.semeandovida.org/2022/07/hino-287-igreja-alerta.html
Hino 288 - A mensagem Real,https://www.semeandovida.org/2022/07/hino-288-mensagem-real.html
Hino 289 - Quem irá?,http://www.semeandovida.org/2012/07/hino-289-quem-ira.html
Hino 290 - Jesus já vem,https://www.semeandovida.org/2022/07/hino-290-jesus-ja-vem.html
Hino 291 - Triunfante vem,https://www.semeandovida.org/2022/07/hino-291-triunfante-vem.html
Hino 292 - A vinda do Senhor,http://www.semeandovida.org/2012/07/hino-292-vinda-do-senhor.html
Hino 293 - O dia glorioso,http://www.semeandovida.org/2012/07/hino-293-o-dia-glorioso.html
Hino 294 - O Senhor voltará,http://www.semeandovida.org/2012/07/hino-294-o-senhor-voltara.html
Hino 295 - A volta de Jesus,https://www.semeandovida.org/2022/07/hino-295-volta-de-jesus.html
Hino 296 - Cristo não tardará,http://www.semeandovida.org/2012/07/hino-296-cristo-nao-tardara.html
Hino 297 - A chamada final,http://www.semeandovida.org/2012/07/hino-297-chamada-final.html
Hino 298 - A Pedra fundamental,http://www.semeandovida.org/2012/07/hino-298-pedra-fundamental.html
Hino 299 - Renovação,http://www.semeandovida.org/2012/07/hino-299-renovacao.html
Hino 300 - Igreja militante,http://www.semeandovida.org/2012/07/hino-300-igreja-militante.html
Hino 301 - O único Salvador,https://www.semeandovida.org/2022/07/hino-301-o-unico-salvador.html
Hino 302 - Povoam as cidades,https://www.semeandovida.org/2022/07/hino-302-povoam-as-cidades.html
Hino 303 - Pendão Real,http://www.semeandovida.org/2012/07/hino-303-pendao-real.html
Hino 304 - A voz do evangelho,http://www.semeandovida.org/2012/07/hino-304-voz-do-evangelho.html
Hino 305 - Quem quiser,http://www.semeandovida.org/2012/07/hino-305-quem-quiser.html
Hino 306 - Fidelidade na luta,http://www.semeandovida.org/2012/07/hino-306-fidelidade-na-luta.html
Hino 307 - A santa igreja,http://www.semeandovida.org/2012/07/hino-307-santa-igreja.html
Hino 308 - Escuridão e Luz,http://www.semeandovida.org/2012/07/hino-308-escuridao-e-luz.html
Hino 309 - Proclamação,https://www.semeandovida.org/2022/07/hino-309-proclamacao.html
Hino 310 - Quem salva é só Jesus,https://www.semeandovida.org/2022/07/hino-310-quem-salva-e-so-jesus.html
"Hino 311 - Avante, ó crentes",https://www.semeandovida.org/2022/07/hino-311-avante-o-crentes.html
Hino 312 - Há trabalho certo,https://www.semeandovida.org/2022/07/hino-312-ha-trabalho-certo.html
Hino 313 - Prontidão,https://www.semeandovida.org/2022/07/hino-313-prontidao.html
Hino 314 - Diligência,https://www.semeandovida.org/2022/07/hino-314-diligencia.html
Hino 315 - Serviço do crente,http://www.semeandovida.org/2012/07/hino-315-servico-do-crente.html
Hino 316 - Os intentos de Deus,http://www.semeandovida.org/2012/07/hino-316-os-intentos-de-deus.html
Hino 317 - Chamada,https://www.semeandovida.org/2022/07/hino-317-chamada.html
Hino 318 - Ceifeiros do Senhor,https://www.semeandovida.org/2022/07/hino-318-ceifeiros-do-senhor.html
Hino 319 - Obreiros em Marcha,https://www.semeandovida.org/2022/07/hino-319-obreiros-em-marcha.html
Hino 320 - Brilha no viver,http://www.semeandovida.org/2012/07/hino-320-brilha-no-viver.html
Hino 321 - Mãos ao Trabalho,https://www.semeandovida.org/2022/07/hino-321-maos-ao-trabalho.html
Hino 322 - Heroínas da Fé,https://www.semeandovida.org/2022/07/hino-322-heroinas-da-fe.html
Hino 323 - Santa Peleja,https://www.semeandovida.org/2022/07/hino-323-santa-peleja.html
Hino 324 - Unidas e firmes,https://www.semeandovida.org/2022/07/hino-324-unidas-e-firmes.html
Hino 325 - Aspiração feminina,http://www.semeandovida.org/2012/07/hino-325-aspiracao-feminina.html
Hino 326 - Homens presbiterianos - Fé,https://www.semeandovida.org/2022/07/hino-326-homens-presbiterianos-fe.html
Hino 327 - Obreiros cristãos,https://www.semeandovida.org/2022/07/hino-327-obreiros-cristaos.html
Hino 328 - Deus do universo,https://www.semeandovida.org/2022/07/hino-328-deus-do-universo.html
Hino 329 - Instalação de pastor,https://www.semeandovida.org/2022/07/hino-329-instalacao-de-pastor.html
Hino 330 - A bênção do batismo,https://www.semeandovida.org/2022/07/hino-330-bencao-do-batismo.html
Hino 331 - Oração,http://www.semeandovida.org/2012/07/hino-331-oracao.html
Hino 332 - Batismo infantil,https://www.semeandovida.org/2022/07/hino-332-batismo-infantil.html
Hino 333 - O batismo,https://www.semeandovida.org/2022/07/hino-333-o-batismo.html
Hino 334 - A conversão,https://www.semeandovida.org/2022/07/hino-334-conversao.html
Hino 335 - Júbilo no céu,http://www.semeandovida.org/2012/07/hino-335-jubilo-no-ceu.html
Hino 336 - Transformação,https://www.semeandovida.org/2022/07/hino-336-transformacao.html
Hino 337 - Profissão de fé,https://www.semeandovida.org/2022/07/hino-337-profissao-de-fe.html
Hino 338 - Dia da profissão de fé,http://www.semeandovida.org/2012/07/hino-338-dia-de-profissao-de-fe.html
Hino 339 - Dia feliz,http://www.semeandovida.org/2012/07/hino-339-dia-feliz.html
Hino 340 - Santa comunhão,http://www.semeandovida.org/2014/03/hino-340-santa-comunhao.html
Hino 341 - Vera Páscoa,http://www.semeandovida.org/2012/07/hino-341-vera-pascoa.html
Hino 342 - Comunhão,http://www.semeandovida.org/2012/07/hino-342-comunhao.html
Hino 343 - Em memória,http://www.semeandovida.org/2012/07/hino-343-em-memoria.html
Hino 344 - A ceia do Senhor,http://www.semeandovida.org/2012/07/hino-344-ceia-do-senhor.html
Hino 345 - O Pão do Mundo,http://www.semeandovida.org/2014/03/hino-345-o-pao-do-mundo.html
Hino 346 - A Ceia do Senhor,http://www.semeandovida.org/2014/03/346-ceia-do-senhor.html
Hino 347 - O Justo pelos ímpios,https://www.semeandovida.org/2022/07/hino-347-o-justo-pelos-impios.html
Hino 348 - É este o dia,https://www.semeandovida.org/2022/07/hino-348-e-este-o-dia.html
Hino 349 - Dia do Senhor,https://www.semeandovida.org/2022/07/hino-349-dia-do-senhor.html
Hino 350 - A palavra da vida (segunda música),http://www.semeandovida.org/2012/07/hino-350-palavra-da-vida-segunda-musica.html
Hino 351 - Belas palavras de vida,http://www.semeandovida.org/2012/07/hino-351-belas-palavras-de-vida.html
Hino 352 - Leitura bendita,https://www.semeandovida.org/2022/07/hino-352-leitura-bendita.html
Hino 353 - Ao fim dos estudos,https://www.semeandovida.org/2022/07/hino-353-ao-fim-dos-estudos.html
Hino 354 - A Escola Dominical,https://www.semeandovida.org/2022/07/hino-354-escola-dominical.html
Hino 354-A - Escola Dominical,http://www.semeandovida.org/2012/07/hino-354-escola-dominical.html
Hino 355 - Oração infantil,https://www.semeandovida.org/2022/07/hino-355-oracao-infantil.html
Hino 356 - Jesus menino,https://www.semeandovida.org/2022/07/hino-356-jesus-menino.html
Hino 357 - Louvor infantil,http://www.semeandovida.org/2012/07/hino-357-louvor-infantil.html
Hino 358 - Jesus e as crianças,https://www.semeandovida.org/2022/07/hino-358-jesus-e-as-criancas.html
Hino 359 - Jesus me quer bem,https://www.semeandovida.org/2022/07/hino-359-jesus-me-quer-bem.html
Hino 360 - Pequena luz,https://www.semeandovida.org/2022/07/hino-360-pequena-luz.html
Hino 361 - Brilhando com Jesus,https://www.semeandovida.org/2022/07/hino-361-brilhando-com-jesus.html
Hino 362 - Brilhando por Jesus,http://www.semeandovida.org/2012/07/hino-362-brilhando-por-jesus.html
Hino 363 - Venhas as crianças,https://www.semeandovida.org/2022/07/hino-363-venhas-as-criancas.html
Hino 364 - Graças a Deus,http://www.semeandovida.org/2012/07/hino-364-gracas-deus.html
Hino 365 - Convite às crianças,https://www.semeandovida.org/2022/07/hino-365-convite-as-criancas.html
Hino 366 - Joias preciosas,https://www.semeandovida.org/2022/07/hino-366-joias-preciosas.html
Hino 367 - Convite aos meninos,http://www.semeandovida.org/2012/07/hino-367-convite-aos-meninos.html
Hino 368 - Despedida,http://www.semeandovida.org/2012/07/hino-368-despedida.html
Hino 369 - A Bíblia para todos,https://www.semeandovida.org/2022/07/hino-369-biblia-para-todos.html
Hino 370 - Proclamação,https://www.semeandovida.org/2022/07/hino-370-proclamacao.html
Hino 371 - A Bíblia,http://www.semeandovida.org/2012/07/hino-371-biblia.html
Hino 372 - O crente e a Bíblia,https://www.semeandovida.org/2022/07/hino-372-o-crente-e-biblia.html
Hino 373 - Ano novo,https://www.semeandovida.org/2022/07/hino-373-ano-novo.html
Hino 374 - Saudando o ano novo,https://www.semeandovida.org/2022/07/hino-374-saudando-o-ano-novo.html
Hino 375 - O ano velho,https://www.semeandovida.org/2022/07/hino-375-o-ano-velho.html
Hino 376 - Intercessão pela Pátria,https://www.semeandovida.org/2022/07/hino-376-intercessao-pela-patria.html
Hino 377 - A nação para Cristo,https://www.semeandovida.org/2022/07/hino-377-nacao-para-cristo.html
Hino 378 - A oração pela Pátria,http://www.semeandovida.org/2012/07/hino-378-oracao-pela-patria.html
Hino 379 - Petição pela Pátria,http://www.semeandovida.org/2012/07/hino-379-peticao-pela-patria.html
Hino 380 - Jesus proteja a Pátria,https://www.semeandovida.org/2022/07/hino-380-jesus-proteja-patria.html
Hino 381 - Intercessão pela cidade,https://www.semeandovida.org/2022/07/hino-381-intercessao-pela-cidade.html
Hino 382 - Mocidade Presbiteriana,https://www.semeandovida.org/2022/07/hino-382-mocidade-presbiteriana.html
Hino 383 - Um novo mundo,https://www.semeandovida.org/2022/07/hino-383-um-novo-mundo.html
Hino 384 - Vamos com Jesus,https://www.semeandovida.org/2022/07/hino-384-vamos-com-jesus.html
Hino 385 - O estudante e a Bíblia,https://www.semeandovida.org/2022/07/hino-385-o-estudante-e-biblia.html
Hino 386 - Testemunho,https://www.semeandovida.org/2022/07/hino-386-testemunho.html
Hino 387 - Combate,http://www.semeandovida.org/2012/07/hino-387-combate.html
"Hino 388 - Mocidade, Avante!",https://www.semeandovida.org/2022/07/hino-388-mocidade-avante.html
"Hino 389 - Avante, Mocidade!",https://www.semeandovida.org/2022/07/hino-389-avante-mocidade.html
Hino 390 - Fiéis Soldados,https://www.semeandovida.org/2022/07/hino-390-fieis-soldados.html
Hino 391 - Mocidade Fiel,https://www.semeandovida.org/2022/07/hino-391-mocidade-fiel.html
Hino 392 - Vida vitoriosa,https://www.semeandovida.org/2022/07/hino-392-vida-vitoriosa.html
Hino 393 - União vital,https://www.semeandovida.org/2022/07/hino-393-uniao-vital.html
Hino 394 - Perfeito amor,https://www.semeandovida.org/2022/07/hino-394-perfeito-amor.html
Hino 395 - Amor no lar,https://www.semeandovida.org/2022/07/hino-395-amor-no-lar.html
Hino 396 - Graças pelo aniversário,https://www.semeandovida.org/2022/07/hino-396-gracas-pelo-aniversario.html
Hino 397 - Por minha boa mãe,http://www.semeandovida.org/2012/07/hino-397-por-minha-boa-mae.html
Hino 398 - Outra vez cantamos,https://www.semeandovida.org/2022/07/hino-398-outra-vez-cantamos.html
Hino 399 - Término do culto,http://www.semeandovida.org/2012/08/hino-399-termino-do-culto.html
Hino 400 - Oração por proteção,https://www.semeandovida.org/2022/07/hino-400-oracao-por-protecao.html
Hino 400A - Ofertório,https://www.semeandovida.org/2022/07/hino-400a-ofertorio.html
Hino 401 - Amém tríplice,https://www.semeandovida.org/2022/07/hino-401-amem-triplice.html
Hino 402 - Amém quádruplo,https://www.semeandovida.org/2022/07/hino-402-amem-quadruplo.html
Hino 403 - Amém sétuplo,https://www.semeandovida.org/2022/07/hino-403-amem-setuplo.html
